,sex,age,sibsp,parch,fare,class,who,adult_male,embark_town,alive,alone,sibsp_uno,sibsp_cero,sibsp_meno
0,male,22.0,1,0,7.25,Third,man,True,Southampton,no,False,2,1.5,0.5
1,female,38.0,1,0,71.2833,First,woman,False,Cherbourg,yes,False,2,1.5,0.5
2,female,26.0,0,0,7.925,Third,woman,False,Southampton,yes,True,1,0.5,-0.5
3,female,35.0,1,0,53.1,First,woman,False,Southampton,yes,False,2,1.5,0.5
4,male,35.0,0,0,8.05,Third,man,True,Southampton,no,True,1,0.5,-0.5
5,male,33.17312348668281,0,0,8.4583,Third,man,True,Queenstown,no,True,1,0.5,-0.5
6,male,54.0,0,0,51.8625,First,man,True,Southampton,no,True,1,0.5,-0.5
7,male,2.0,3,1,21.075,Third,child,False,Southampton,no,False,4,3.5,2.5
8,female,27.0,0,2,11.1333,Third,woman,False,Southampton,yes,False,1,0.5,-0.5
9,female,14.0,1,0,30.0708,Second,child,False,Cherbourg,yes,False,2,1.5,0.5
10,female,4.0,1,1,16.7,Third,child,False,Southampton,yes,False,2,1.5,0.5
11,female,58.0,0,0,26.55,First,woman,False,Southampton,yes,True,1,0.5,-0.5
12,male,20.0,0,0,8.05,Third,man,True,Southampton,no,True,1,0.5,-0.5
13,male,39.0,1,5,31.275,Third,man,True,Southampton,no,False,2,1.5,0.5
14,female,14.0,0,0,7.8542,Third,child,False,Southampton,no,True,1,0.5,-0.5
15,female,55.0,0,0,16.0,Second,woman,False,Southampton,yes,True,1,0.5,-0.5
16,male,2.0,4,1,29.125,Third,child,False,Queenstown,no,False,5,4.5,3.5
17,male,33.17312348668281,0,0,13.0,Second,man,True,Southampton,yes,True,1,0.5,-0.5
18,female,31.0,1,0,18.0,Third,woman,False,Southampton,no,False,2,1.5,0.5
19,female,32.0,0,0,7.225,Third,woman,False,Cherbourg,yes,True,1,0.5,-0.5
20,male,35.0,0,0,26.0,Second,man,True,Southampton,no,True,1,0.5,-0.5
21,male,34.0,0,0,13.0,Second,man,True,Southampton,yes,True,1,0.5,-0.5
22,female,15.0,0,0,8.0292,Third,child,False,Queenstown,yes,True,1,0.5,-0.5
23,male,28.0,0,0,35.5,First,man,True,Southampton,yes,True,1,0.5,-0.5
24,female,8.0,3,1,21.075,Third,child,False,Southampton,no,False,4,3.5,2.5
25,female,38.0,1,5,31.3875,Third,woman,False,Southampton,yes,False,2,1.5,0.5
26,male,33.17312348668281,0,0,7.225,Third,man,True,Cherbourg,no,True,1,0.5,-0.5
27,male,19.0,3,2,263.0,First,man,True,Southampton,no,False,4,3.5,2.5
28,female,32.0,0,0,7.8792,Third,woman,False,Queenstown,yes,True,1,0.5,-0.5
29,male,33.17312348668281,0,0,7.8958,Third,man,True,Southampton,no,True,1,0.5,-0.5
30,male,40.0,0,0,27.7208,First,man,True,Cherbourg,no,True,1,0.5,-0.5
31,female,32.0,1,0,146.5208,First,woman,False,Cherbourg,yes,False,2,1.5,0.5
32,female,32.0,0,0,7.75,Third,woman,False,Queenstown,yes,True,1,0.5,-0.5
33,male,66.0,0,0,10.5,Second,man,True,Southampton,no,True,1,0.5,-0.5
34,male,28.0,1,0,82.1708,First,man,True,Cherbourg,no,False,2,1.5,0.5
35,male,42.0,1,0,52.0,First,man,True,Southampton,no,False,2,1.5,0.5
36,male,33.17312348668281,0,0,7.2292,Third,man,True,Cherbourg,yes,True,1,0.5,-0.5
37,male,21.0,0,0,8.05,Third,man,True,Southampton,no,True,1,0.5,-0.5
38,female,18.0,2,0,18.0,Third,woman,False,Southampton,no,False,3,2.5,1.5
39,female,14.0,1,0,11.2417,Third,child,False,Cherbourg,yes,False,2,1.5,0.5
40,female,40.0,1,0,9.475,Third,woman,False,Southampton,no,False,2,1.5,0.5
41,female,27.0,1,0,21.0,Second,woman,False,Southampton,no,False,2,1.5,0.5
42,male,33.17312348668281,0,0,7.8958,Third,man,True,Cherbourg,no,True,1,0.5,-0.5
43,female,3.0,1,2,41.5792,Second,child,False,Cherbourg,yes,False,2,1.5,0.5
44,female,19.0,0,0,7.8792,Third,woman,False,Queenstown,yes,True,1,0.5,-0.5
45,male,33.17312348668281,0,0,8.05,Third,man,True,Southampton,no,True,1,0.5,-0.5
46,male,33.17312348668281,1,0,15.5,Third,man,True,Queenstown,no,False,2,1.5,0.5
47,female,32.0,0,0,7.75,Third,woman,False,Queenstown,yes,True,1,0.5,-0.5
48,male,33.17312348668281,2,0,21.6792,Third,man,True,Cherbourg,no,False,3,2.5,1.5
49,female,18.0,1,0,17.8,Third,woman,False,Southampton,no,False,2,1.5,0.5
50,male,7.0,4,1,39.6875,Third,child,False,Southampton,no,False,5,4.5,3.5
51,male,21.0,0,0,7.8,Third,man,True,Southampton,no,True,1,0.5,-0.5
52,female,49.0,1,0,76.7292,First,woman,False,Cherbourg,yes,False,2,1.5,0.5
53,female,29.0,1,0,26.0,Second,woman,False,Southampton,yes,False,2,1.5,0.5
54,male,65.0,0,1,61.9792,First,man,True,Cherbourg,no,False,1,0.5,-0.5
55,male,33.17312348668281,0,0,35.5,First,man,True,Southampton,yes,True,1,0.5,-0.5
56,female,21.0,0,0,10.5,Second,woman,False,Southampton,yes,True,1,0.5,-0.5
57,male,28.5,0,0,7.2292,Third,man,True,Cherbourg,no,True,1,0.5,-0.5
58,female,5.0,1,2,27.75,Second,child,False,Southampton,yes,False,2,1.5,0.5
59,male,11.0,5,2,46.9,Third,child,False,Southampton,no,False,6,5.5,4.5
60,male,22.0,0,0,7.2292,Third,man,True,Cherbourg,no,True,1,0.5,-0.5
61,female,38.0,0,0,80.0,First,woman,False,Southampton,yes,True,1,0.5,-0.5
62,male,45.0,1,0,83.475,First,man,True,Southampton,no,False,2,1.5,0.5
63,male,4.0,3,2,27.9,Third,child,False,Southampton,no,False,4,3.5,2.5
64,male,33.17312348668281,0,0,27.7208,First,man,True,Cherbourg,no,True,1,0.5,-0.5
65,male,33.17312348668281,1,1,15.2458,Third,man,True,Cherbourg,yes,False,2,1.5,0.5
66,female,29.0,0,0,10.5,Second,woman,False,Southampton,yes,True,1,0.5,-0.5
67,male,19.0,0,0,8.1583,Third,man,True,Southampton,no,True,1,0.5,-0.5
68,female,17.0,4,2,7.925,Third,woman,False,Southampton,yes,False,5,4.5,3.5
69,male,26.0,2,0,8.6625,Third,man,True,Southampton,no,False,3,2.5,1.5
70,male,32.0,0,0,10.5,Second,man,True,Southampton,no,True,1,0.5,-0.5
71,female,16.0,5,2,46.9,Third,woman,False,Southampton,no,False,6,5.5,4.5
72,male,21.0,0,0,73.5,Second,man,True,Southampton,no,True,1,0.5,-0.5
73,male,26.0,1,0,14.4542,Third,man,True,Cherbourg,no,False,2,1.5,0.5
74,male,32.0,0,0,56.4958,Third,man,True,Southampton,yes,True,1,0.5,-0.5
75,male,25.0,0,0,7.65,Third,man,True,Southampton,no,True,1,0.5,-0.5
76,male,33.17312348668281,0,0,7.8958,Third,man,True,Southampton,no,True,1,0.5,-0.5
77,male,33.17312348668281,0,0,8.05,Third,man,True,Southampton,no,True,1,0.5,-0.5
78,male,0.83,0,2,29.0,Second,child,False,Southampton,yes,False,1,0.5,-0.5
79,female,30.0,0,0,12.475,Third,woman,False,Southampton,yes,True,1,0.5,-0.5
80,male,22.0,0,0,9.0,Third,man,True,Southampton,no,True,1,0.5,-0.5
81,male,29.0,0,0,9.5,Third,man,True,Southampton,yes,True,1,0.5,-0.5
82,female,32.0,0,0,7.7875,Third,woman,False,Queenstown,yes,True,1,0.5,-0.5
83,male,28.0,0,0,47.1,First,man,True,Southampton,no,True,1,0.5,-0.5
84,female,17.0,0,0,10.5,Second,woman,False,Southampton,yes,True,1,0.5,-0.5
85,female,33.0,3,0,15.85,Third,woman,False,Southampton,yes,False,4,3.5,2.5
86,male,16.0,1,3,34.375,Third,man,True,Southampton,no,False,2,1.5,0.5
87,male,33.17312348668281,0,0,8.05,Third,man,True,Southampton,no,True,1,0.5,-0.5
88,female,23.0,3,2,263.0,First,woman,False,Southampton,yes,False,4,3.5,2.5
89,male,24.0,0,0,8.05,Third,man,True,Southampton,no,True,1,0.5,-0.5
90,male,29.0,0,0,8.05,Third,man,True,Southampton,no,True,1,0.5,-0.5
91,male,20.0,0,0,7.8542,Third,man,True,Southampton,no,True,1,0.5,-0.5
92,male,46.0,1,0,61.175,First,man,True,Southampton,no,False,2,1.5,0.5
93,male,26.0,1,2,20.575,Third,man,True,Southampton,no,False,2,1.5,0.5
94,male,59.0,0,0,7.25,Third,man,True,Southampton,no,True,1,0.5,-0.5
95,male,33.17312348668281,0,0,8.05,Third,man,True,Southampton,no,True,1,0.5,-0.5
96,male,71.0,0,0,34.6542,First,man,True,Cherbourg,no,True,1,0.5,-0.5
97,male,23.0,0,1,63.3583,First,man,True,Cherbourg,yes,False,1,0.5,-0.5
98,female,34.0,0,1,23.0,Second,woman,False,Southampton,yes,False,1,0.5,-0.5
99,male,34.0,1,0,26.0,Second,man,True,Southampton,no,False,2,1.5,0.5
100,female,28.0,0,0,7.8958,Third,woman,False,Southampton,no,True,1,0.5,-0.5
101,male,33.17312348668281,0,0,7.8958,Third,man,True,Southampton,no,True,1,0.5,-0.5
102,male,21.0,0,1,77.2875,First,man,True,Southampton,no,False,1,0.5,-0.5
103,male,33.0,0,0,8.6542,Third,man,True,Southampton,no,True,1,0.5,-0.5
104,male,37.0,2,0,7.925,Third,man,True,Southampton,no,False,3,2.5,1.5
105,male,28.0,0,0,7.8958,Third,man,True,Southampton,no,True,1,0.5,-0.5
106,female,21.0,0,0,7.65,Third,woman,False,Southampton,yes,True,1,0.5,-0.5
107,male,33.17312348668281,0,0,7.775,Third,man,True,Southampton,yes,True,1,0.5,-0.5
108,male,38.0,0,0,7.8958,Third,man,True,Southampton,no,True,1,0.5,-0.5
109,female,32.0,1,0,24.15,Third,woman,False,Queenstown,yes,False,2,1.5,0.5
110,male,47.0,0,0,52.0,First,man,True,Southampton,no,True,1,0.5,-0.5
111,female,14.5,1,0,14.4542,Third,child,False,Cherbourg,no,False,2,1.5,0.5
112,male,22.0,0,0,8.05,Third,man,True,Southampton,no,True,1,0.5,-0.5
113,female,20.0,1,0,9.825,Third,woman,False,Southampton,no,False,2,1.5,0.5
114,female,17.0,0,0,14.4583,Third,woman,False,Cherbourg,no,True,1,0.5,-0.5
115,male,21.0,0,0,7.925,Third,man,True,Southampton,no,True,1,0.5,-0.5
116,male,70.5,0,0,7.75,Third,man,True,Queenstown,no,True,1,0.5,-0.5
117,male,29.0,1,0,21.0,Second,man,True,Southampton,no,False,2,1.5,0.5
118,male,24.0,0,1,247.5208,First,man,True,Cherbourg,no,False,1,0.5,-0.5
119,female,2.0,4,2,31.275,Third,child,False,Southampton,no,False,5,4.5,3.5
120,male,21.0,2,0,73.5,Second,man,True,Southampton,no,False,3,2.5,1.5
121,male,33.17312348668281,0,0,8.05,Third,man,True,Southampton,no,True,1,0.5,-0.5
122,male,32.5,1,0,30.0708,Second,man,True,Cherbourg,no,False,2,1.5,0.5
123,female,32.5,0,0,13.0,Second,woman,False,Southampton,yes,True,1,0.5,-0.5
124,male,54.0,0,1,77.2875,First,man,True,Southampton,no,False,1,0.5,-0.5
125,male,12.0,1,0,11.2417,Third,child,False,Cherbourg,yes,False,2,1.5,0.5
126,male,33.17312348668281,0,0,7.75,Third,man,True,Queenstown,no,True,1,0.5,-0.5
127,male,24.0,0,0,7.1417,Third,man,True,Southampton,yes,True,1,0.5,-0.5
128,female,32.0,1,1,22.3583,Third,woman,False,Cherbourg,yes,False,2,1.5,0.5
129,male,45.0,0,0,6.975,Third,man,True,Southampton,no,True,1,0.5,-0.5
130,male,33.0,0,0,7.8958,Third,man,True,Cherbourg,no,True,1,0.5,-0.5
131,male,20.0,0,0,7.05,Third,man,True,Southampton,no,True,1,0.5,-0.5
132,female,47.0,1,0,14.5,Third,woman,False,Southampton,no,False,2,1.5,0.5
133,female,29.0,1,0,26.0,Second,woman,False,Southampton,yes,False,2,1.5,0.5
134,male,25.0,0,0,13.0,Second,man,True,Southampton,no,True,1,0.5,-0.5
135,male,23.0,0,0,15.0458,Second,man,True,Cherbourg,no,True,1,0.5,-0.5
136,female,19.0,0,2,26.2833,First,woman,False,Southampton,yes,False,1,0.5,-0.5
137,male,37.0,1,0,53.1,First,man,True,Southampton,no,False,2,1.5,0.5
138,male,16.0,0,0,9.2167,Third,man,True,Southampton,no,True,1,0.5,-0.5
139,male,24.0,0,0,79.2,First,man,True,Cherbourg,no,True,1,0.5,-0.5
140,female,32.0,0,2,15.2458,Third,woman,False,Cherbourg,no,False,1,0.5,-0.5
141,female,22.0,0,0,7.75,Third,woman,False,Southampton,yes,True,1,0.5,-0.5
142,female,24.0,1,0,15.85,Third,woman,False,Southampton,yes,False,2,1.5,0.5
143,male,19.0,0,0,6.75,Third,man,True,Queenstown,no,True,1,0.5,-0.5
144,male,18.0,0,0,11.5,Second,man,True,Southampton,no,True,1,0.5,-0.5
145,male,19.0,1,1,36.75,Second,man,True,Southampton,no,False,2,1.5,0.5
146,male,27.0,0,0,7.7958,Third,man,True,Southampton,yes,True,1,0.5,-0.5
147,female,9.0,2,2,34.375,Third,child,False,Southampton,no,False,3,2.5,1.5
148,male,36.5,0,2,26.0,Second,man,True,Southampton,no,False,1,0.5,-0.5
149,male,42.0,0,0,13.0,Second,man,True,Southampton,no,True,1,0.5,-0.5
150,male,51.0,0,0,12.525,Second,man,True,Southampton,no,True,1,0.5,-0.5
151,female,22.0,1,0,66.6,First,woman,False,Southampton,yes,False,2,1.5,0.5
152,male,55.5,0,0,8.05,Third,man,True,Southampton,no,True,1,0.5,-0.5
153,male,40.5,0,2,14.5,Third,man,True,Southampton,no,False,1,0.5,-0.5
154,male,33.17312348668281,0,0,7.3125,Third,man,True,Southampton,no,True,1,0.5,-0.5
155,male,51.0,0,1,61.3792,First,man,True,Cherbourg,no,False,1,0.5,-0.5
156,female,16.0,0,0,7.7333,Third,woman,False,Queenstown,yes,True,1,0.5,-0.5
157,male,30.0,0,0,8.05,Third,man,True,Southampton,no,True,1,0.5,-0.5
158,male,33.17312348668281,0,0,8.6625,Third,man,True,Southampton,no,True,1,0.5,-0.5
159,male,33.17312348668281,8,2,69.55,Third,man,True,Southampton,no,False,9,8.5,7.5
160,male,44.0,0,1,16.1,Third,man,True,Southampton,no,False,1,0.5,-0.5
161,female,40.0,0,0,15.75,Second,woman,False,Southampton,yes,True,1,0.5,-0.5
162,male,26.0,0,0,7.775,Third,man,True,Southampton,no,True,1,0.5,-0.5
163,male,17.0,0,0,8.6625,Third,man,True,Southampton,no,True,1,0.5,-0.5
164,male,1.0,4,1,39.6875,Third,child,False,Southampton,no,False,5,4.5,3.5
165,male,9.0,0,2,20.525,Third,child,False,Southampton,yes,False,1,0.5,-0.5
166,female,32.0,0,1,55.0,First,woman,False,Southampton,yes,False,1,0.5,-0.5
167,female,45.0,1,4,27.9,Third,woman,False,Southampton,no,False,2,1.5,0.5
168,male,33.17312348668281,0,0,25.925,First,man,True,Southampton,no,True,1,0.5,-0.5
169,male,28.0,0,0,56.4958,Third,man,True,Southampton,no,True,1,0.5,-0.5
170,male,61.0,0,0,33.5,First,man,True,Southampton,no,True,1,0.5,-0.5
171,male,4.0,4,1,29.125,Third,child,False,Queenstown,no,False,5,4.5,3.5
172,female,1.0,1,1,11.1333,Third,child,False,Southampton,yes,False,2,1.5,0.5
173,male,21.0,0,0,7.925,Third,man,True,Southampton,no,True,1,0.5,-0.5
174,male,56.0,0,0,30.6958,First,man,True,Cherbourg,no,True,1,0.5,-0.5
175,male,18.0,1,1,7.8542,Third,man,True,Southampton,no,False,2,1.5,0.5
176,male,33.17312348668281,3,1,25.4667,Third,man,True,Southampton,no,False,4,3.5,2.5
177,female,50.0,0,0,28.7125,First,woman,False,Cherbourg,no,True,1,0.5,-0.5
178,male,30.0,0,0,13.0,Second,man,True,Southampton,no,True,1,0.5,-0.5
179,male,36.0,0,0,0.0,Third,man,True,Southampton,no,True,1,0.5,-0.5
180,female,32.0,8,2,69.55,Third,woman,False,Southampton,no,False,9,8.5,7.5
181,male,33.17312348668281,0,0,15.05,Second,man,True,Cherbourg,no,True,1,0.5,-0.5
182,male,9.0,4,2,31.3875,Third,child,False,Southampton,no,False,5,4.5,3.5
183,male,1.0,2,1,39.0,Second,child,False,Southampton,yes,False,3,2.5,1.5
184,female,4.0,0,2,22.025,Third,child,False,Southampton,yes,False,1,0.5,-0.5
185,male,33.17312348668281,0,0,50.0,First,man,True,Southampton,no,True,1,0.5,-0.5
186,female,32.0,1,0,15.5,Third,woman,False,Queenstown,yes,False,2,1.5,0.5
187,male,45.0,0,0,26.55,First,man,True,Southampton,yes,True,1,0.5,-0.5
188,male,40.0,1,1,15.5,Third,man,True,Queenstown,no,False,2,1.5,0.5
189,male,36.0,0,0,7.8958,Third,man,True,Southampton,no,True,1,0.5,-0.5
190,female,32.0,0,0,13.0,Second,woman,False,Southampton,yes,True,1,0.5,-0.5
191,male,19.0,0,0,13.0,Second,man,True,Southampton,no,True,1,0.5,-0.5
192,female,19.0,1,0,7.8542,Third,woman,False,Southampton,yes,False,2,1.5,0.5
193,male,3.0,1,1,26.0,Second,child,False,Southampton,yes,False,2,1.5,0.5
194,female,44.0,0,0,27.7208,First,woman,False,Cherbourg,yes,True,1,0.5,-0.5
195,female,58.0,0,0,146.5208,First,woman,False,Cherbourg,yes,True,1,0.5,-0.5
196,male,33.17312348668281,0,0,7.75,Third,man,True,Queenstown,no,True,1,0.5,-0.5
197,male,42.0,0,1,8.4042,Third,man,True,Southampton,no,False,1,0.5,-0.5
198,female,32.0,0,0,7.75,Third,woman,False,Queenstown,yes,True,1,0.5,-0.5
199,female,24.0,0,0,13.0,Second,woman,False,Southampton,no,True,1,0.5,-0.5
200,male,28.0,0,0,9.5,Third,man,True,Southampton,no,True,1,0.5,-0.5
201,male,33.17312348668281,8,2,69.55,Third,man,True,Southampton,no,False,9,8.5,7.5
202,male,34.0,0,0,6.4958,Third,man,True,Southampton,no,True,1,0.5,-0.5
203,male,45.5,0,0,7.225,Third,man,True,Cherbourg,no,True,1,0.5,-0.5
204,male,18.0,0,0,8.05,Third,man,True,Southampton,yes,True,1,0.5,-0.5
205,female,2.0,0,1,10.4625,Third,child,False,Southampton,no,False,1,0.5,-0.5
206,male,32.0,1,0,15.85,Third,man,True,Southampton,no,False,2,1.5,0.5
207,male,26.0,0,0,18.7875,Third,man,True,Cherbourg,yes,True,1,0.5,-0.5
208,female,16.0,0,0,7.75,Third,woman,False,Queenstown,yes,True,1,0.5,-0.5
209,male,40.0,0,0,31.0,First,man,True,Cherbourg,yes,True,1,0.5,-0.5
210,male,24.0,0,0,7.05,Third,man,True,Southampton,no,True,1,0.5,-0.5
211,female,35.0,0,0,21.0,Second,woman,False,Southampton,yes,True,1,0.5,-0.5
212,male,22.0,0,0,7.25,Third,man,True,Southampton,no,True,1,0.5,-0.5
213,male,30.0,0,0,13.0,Second,man,True,Southampton,no,True,1,0.5,-0.5
214,male,33.17312348668281,1,0,7.75,Third,man,True,Queenstown,no,False,2,1.5,0.5
215,female,31.0,1,0,113.275,First,woman,False,Cherbourg,yes,False,2,1.5,0.5
216,female,27.0,0,0,7.925,Third,woman,False,Southampton,yes,True,1,0.5,-0.5
217,male,42.0,1,0,27.0,Second,man,True,Southampton,no,False,2,1.5,0.5
218,female,32.0,0,0,76.2917,First,woman,False,Cherbourg,yes,True,1,0.5,-0.5
219,male,30.0,0,0,10.5,Second,man,True,Southampton,no,True,1,0.5,-0.5
220,male,16.0,0,0,8.05,Third,man,True,Southampton,yes,True,1,0.5,-0.5
221,male,27.0,0,0,13.0,Second,man,True,Southampton,no,True,1,0.5,-0.5
222,male,51.0,0,0,8.05,Third,man,True,Southampton,no,True,1,0.5,-0.5
223,male,33.17312348668281,0,0,7.8958,Third,man,True,Southampton,no,True,1,0.5,-0.5
224,male,38.0,1,0,90.0,First,man,True,Southampton,yes,False,2,1.5,0.5
225,male,22.0,0,0,9.35,Third,man,True,Southampton,no,True,1,0.5,-0.5
226,male,19.0,0,0,10.5,Second,man,True,Southampton,yes,True,1,0.5,-0.5
227,male,20.5,0,0,7.25,Third,man,True,Southampton,no,True,1,0.5,-0.5
228,male,18.0,0,0,13.0,Second,man,True,Southampton,no,True,1,0.5,-0.5
229,female,32.0,3,1,25.4667,Third,woman,False,Southampton,no,False,4,3.5,2.5
230,female,35.0,1,0,83.475,First,woman,False,Southampton,yes,False,2,1.5,0.5
231,male,29.0,0,0,7.775,Third,man,True,Southampton,no,True,1,0.5,-0.5
232,male,59.0,0,0,13.5,Second,man,True,Southampton,no,True,1,0.5,-0.5
233,female,5.0,4,2,31.3875,Third,child,False,Southampton,yes,False,5,4.5,3.5
234,male,24.0,0,0,10.5,Second,man,True,Southampton,no,True,1,0.5,-0.5
235,female,32.0,0,0,7.55,Third,woman,False,Southampton,no,True,1,0.5,-0.5
236,male,44.0,1,0,26.0,Second,man,True,Southampton,no,False,2,1.5,0.5
237,female,8.0,0,2,26.25,Second,child,False,Southampton,yes,False,1,0.5,-0.5
238,male,19.0,0,0,10.5,Second,man,True,Southampton,no,True,1,0.5,-0.5
239,male,33.0,0,0,12.275,Second,man,True,Southampton,no,True,1,0.5,-0.5
240,female,32.0,1,0,14.4542,Third,woman,False,Cherbourg,no,False,2,1.5,0.5
241,female,32.0,1,0,15.5,Third,woman,False,Queenstown,yes,False,2,1.5,0.5
242,male,29.0,0,0,10.5,Second,man,True,Southampton,no,True,1,0.5,-0.5
243,male,22.0,0,0,7.125,Third,man,True,Southampton,no,True,1,0.5,-0.5
244,male,30.0,0,0,7.225,Third,man,True,Cherbourg,no,True,1,0.5,-0.5
245,male,44.0,2,0,90.0,First,man,True,Queenstown,no,False,3,2.5,1.5
246,female,25.0,0,0,7.775,Third,woman,False,Southampton,no,True,1,0.5,-0.5
247,female,24.0,0,2,14.5,Second,woman,False,Southampton,yes,False,1,0.5,-0.5
248,male,37.0,1,1,52.5542,First,man,True,Southampton,yes,False,2,1.5,0.5
249,male,54.0,1,0,26.0,Second,man,True,Southampton,no,False,2,1.5,0.5
250,male,33.17312348668281,0,0,7.25,Third,man,True,Southampton,no,True,1,0.5,-0.5
251,female,29.0,1,1,10.4625,Third,woman,False,Southampton,no,False,2,1.5,0.5
252,male,62.0,0,0,26.55,First,man,True,Southampton,no,True,1,0.5,-0.5
253,male,30.0,1,0,16.1,Third,man,True,Southampton,no,False,2,1.5,0.5
254,female,41.0,0,2,20.2125,Third,woman,False,Southampton,no,False,1,0.5,-0.5
255,female,29.0,0,2,15.2458,Third,woman,False,Cherbourg,yes,False,1,0.5,-0.5
256,female,32.0,0,0,79.2,First,woman,False,Cherbourg,yes,True,1,0.5,-0.5
257,female,30.0,0,0,86.5,First,woman,False,Southampton,yes,True,1,0.5,-0.5
258,female,35.0,0,0,512.3292,First,woman,False,Cherbourg,yes,True,1,0.5,-0.5
259,female,50.0,0,1,26.0,Second,woman,False,Southampton,yes,False,1,0.5,-0.5
260,male,33.17312348668281,0,0,7.75,Third,man,True,Queenstown,no,True,1,0.5,-0.5
261,male,3.0,4,2,31.3875,Third,child,False,Southampton,yes,False,5,4.5,3.5
262,male,52.0,1,1,79.65,First,man,True,Southampton,no,False,2,1.5,0.5
263,male,40.0,0,0,0.0,First,man,True,Southampton,no,True,1,0.5,-0.5
264,female,32.0,0,0,7.75,Third,woman,False,Queenstown,no,True,1,0.5,-0.5
265,male,36.0,0,0,10.5,Second,man,True,Southampton,no,True,1,0.5,-0.5
266,male,16.0,4,1,39.6875,Third,man,True,Southampton,no,False,5,4.5,3.5
267,male,25.0,1,0,7.775,Third,man,True,Southampton,yes,False,2,1.5,0.5
268,female,58.0,0,1,153.4625,First,woman,False,Southampton,yes,False,1,0.5,-0.5
269,female,35.0,0,0,135.6333,First,woman,False,Southampton,yes,True,1,0.5,-0.5
270,male,33.17312348668281,0,0,31.0,First,man,True,Southampton,no,True,1,0.5,-0.5
271,male,25.0,0,0,0.0,Third,man,True,Southampton,yes,True,1,0.5,-0.5
272,female,41.0,0,1,19.5,Second,woman,False,Southampton,yes,False,1,0.5,-0.5
273,male,37.0,0,1,29.7,First,man,True,Cherbourg,no,False,1,0.5,-0.5
274,female,32.0,0,0,7.75,Third,woman,False,Queenstown,yes,True,1,0.5,-0.5
275,female,63.0,1,0,77.9583,First,woman,False,Southampton,yes,False,2,1.5,0.5
276,female,45.0,0,0,7.75,Third,woman,False,Southampton,no,True,1,0.5,-0.5
277,male,33.17312348668281,0,0,0.0,Second,man,True,Southampton,no,True,1,0.5,-0.5
278,male,7.0,4,1,29.125,Third,child,False,Queenstown,no,False,5,4.5,3.5
279,female,35.0,1,1,20.25,Third,woman,False,Southampton,yes,False,2,1.5,0.5
280,male,65.0,0,0,7.75,Third,man,True,Queenstown,no,True,1,0.5,-0.5
281,male,28.0,0,0,7.8542,Third,man,True,Southampton,no,True,1,0.5,-0.5
282,male,16.0,0,0,9.5,Third,man,True,Southampton,no,True,1,0.5,-0.5
283,male,19.0,0,0,8.05,Third,man,True,Southampton,yes,True,1,0.5,-0.5
284,male,33.17312348668281,0,0,26.0,First,man,True,Southampton,no,True,1,0.5,-0.5
285,male,33.0,0,0,8.6625,Third,man,True,Cherbourg,no,True,1,0.5,-0.5
286,male,30.0,0,0,9.5,Third,man,True,Southampton,yes,True,1,0.5,-0.5
287,male,22.0,0,0,7.8958,Third,man,True,Southampton,no,True,1,0.5,-0.5
288,male,42.0,0,0,13.0,Second,man,True,Southampton,yes,True,1,0.5,-0.5
289,female,22.0,0,0,7.75,Third,woman,False,Queenstown,yes,True,1,0.5,-0.5
290,female,26.0,0,0,78.85,First,woman,False,Southampton,yes,True,1,0.5,-0.5
291,female,19.0,1,0,91.0792,First,woman,False,Cherbourg,yes,False,2,1.5,0.5
292,male,36.0,0,0,12.875,Second,man,True,Cherbourg,no,True,1,0.5,-0.5
293,female,24.0,0,0,8.85,Third,woman,False,Southampton,no,True,1,0.5,-0.5
294,male,24.0,0,0,7.8958,Third,man,True,Southampton,no,True,1,0.5,-0.5
295,male,33.17312348668281,0,0,27.7208,First,man,True,Cherbourg,no,True,1,0.5,-0.5
296,male,23.5,0,0,7.2292,Third,man,True,Cherbourg,no,True,1,0.5,-0.5
297,female,2.0,1,2,151.55,First,child,False,Southampton,no,False,2,1.5,0.5
298,male,33.17312348668281,0,0,30.5,First,man,True,Southampton,yes,True,1,0.5,-0.5
299,female,50.0,0,1,247.5208,First,woman,False,Cherbourg,yes,False,1,0.5,-0.5
300,female,32.0,0,0,7.75,Third,woman,False,Queenstown,yes,True,1,0.5,-0.5
301,male,33.17312348668281,2,0,23.25,Third,man,True,Queenstown,yes,False,3,2.5,1.5
302,male,19.0,0,0,0.0,Third,man,True,Southampton,no,True,1,0.5,-0.5
303,female,32.0,0,0,12.35,Second,woman,False,Queenstown,yes,True,1,0.5,-0.5
304,male,33.17312348668281,0,0,8.05,Third,man,True,Southampton,no,True,1,0.5,-0.5
305,male,0.92,1,2,151.55,First,child,False,Southampton,yes,False,2,1.5,0.5
306,female,32.0,0,0,110.8833,First,woman,False,Cherbourg,yes,True,1,0.5,-0.5
307,female,17.0,1,0,108.9,First,woman,False,Cherbourg,yes,False,2,1.5,0.5
308,male,30.0,1,0,24.0,Second,man,True,Cherbourg,no,False,2,1.5,0.5
309,female,30.0,0,0,56.9292,First,woman,False,Cherbourg,yes,True,1,0.5,-0.5
310,female,24.0,0,0,83.1583,First,woman,False,Cherbourg,yes,True,1,0.5,-0.5
311,female,18.0,2,2,262.375,First,woman,False,Cherbourg,yes,False,3,2.5,1.5
312,female,26.0,1,1,26.0,Second,woman,False,Southampton,no,False,2,1.5,0.5
313,male,28.0,0,0,7.8958,Third,man,True,Southampton,no,True,1,0.5,-0.5
314,male,43.0,1,1,26.25,Second,man,True,Southampton,no,False,2,1.5,0.5
315,female,26.0,0,0,7.8542,Third,woman,False,Southampton,yes,True,1,0.5,-0.5
316,female,24.0,1,0,26.0,Second,woman,False,Southampton,yes,False,2,1.5,0.5
317,male,54.0,0,0,14.0,Second,man,True,Southampton,no,True,1,0.5,-0.5
318,female,31.0,0,2,164.8667,First,woman,False,Southampton,yes,False,1,0.5,-0.5
319,female,40.0,1,1,134.5,First,woman,False,Cherbourg,yes,False,2,1.5,0.5
320,male,22.0,0,0,7.25,Third,man,True,Southampton,no,True,1,0.5,-0.5
321,male,27.0,0,0,7.8958,Third,man,True,Southampton,no,True,1,0.5,-0.5
322,female,30.0,0,0,12.35,Second,woman,False,Queenstown,yes,True,1,0.5,-0.5
323,female,22.0,1,1,29.0,Second,woman,False,Southampton,yes,False,2,1.5,0.5
324,male,33.17312348668281,8,2,69.55,Third,man,True,Southampton,no,False,9,8.5,7.5
325,female,36.0,0,0,135.6333,First,woman,False,Cherbourg,yes,True,1,0.5,-0.5
326,male,61.0,0,0,6.2375,Third,man,True,Southampton,no,True,1,0.5,-0.5
327,female,36.0,0,0,13.0,Second,woman,False,Southampton,yes,True,1,0.5,-0.5
328,female,31.0,1,1,20.525,Third,woman,False,Southampton,yes,False,2,1.5,0.5
329,female,16.0,0,1,57.9792,First,woman,False,Cherbourg,yes,False,1,0.5,-0.5
330,female,32.0,2,0,23.25,Third,woman,False,Queenstown,yes,False,3,2.5,1.5
331,male,45.5,0,0,28.5,First,man,True,Southampton,no,True,1,0.5,-0.5
332,male,38.0,0,1,153.4625,First,man,True,Southampton,no,False,1,0.5,-0.5
333,male,16.0,2,0,18.0,Third,man,True,Southampton,no,False,3,2.5,1.5
334,female,32.0,1,0,133.65,First,woman,False,Southampton,yes,False,2,1.5,0.5
335,male,33.17312348668281,0,0,7.8958,Third,man,True,Southampton,no,True,1,0.5,-0.5
336,male,29.0,1,0,66.6,First,man,True,Southampton,no,False,2,1.5,0.5
337,female,41.0,0,0,134.5,First,woman,False,Cherbourg,yes,True,1,0.5,-0.5
338,male,45.0,0,0,8.05,Third,man,True,Southampton,yes,True,1,0.5,-0.5
339,male,45.0,0,0,35.5,First,man,True,Southampton,no,True,1,0.5,-0.5
340,male,2.0,1,1,26.0,Second,child,False,Southampton,yes,False,2,1.5,0.5
341,female,24.0,3,2,263.0,First,woman,False,Southampton,yes,False,4,3.5,2.5
342,male,28.0,0,0,13.0,Second,man,True,Southampton,no,True,1,0.5,-0.5
343,male,25.0,0,0,13.0,Second,man,True,Southampton,no,True,1,0.5,-0.5
344,male,36.0,0,0,13.0,Second,man,True,Southampton,no,True,1,0.5,-0.5
345,female,24.0,0,0,13.0,Second,woman,False,Southampton,yes,True,1,0.5,-0.5
346,female,40.0,0,0,13.0,Second,woman,False,Southampton,yes,True,1,0.5,-0.5
347,female,32.0,1,0,16.1,Third,woman,False,Southampton,yes,False,2,1.5,0.5
348,male,3.0,1,1,15.9,Third,child,False,Southampton,yes,False,2,1.5,0.5
349,male,42.0,0,0,8.6625,Third,man,True,Southampton,no,True,1,0.5,-0.5
350,male,23.0,0,0,9.225,Third,man,True,Southampton,no,True,1,0.5,-0.5
351,male,33.17312348668281,0,0,35.0,First,man,True,Southampton,no,True,1,0.5,-0.5
352,male,15.0,1,1,7.2292,Third,child,False,Cherbourg,no,False,2,1.5,0.5
353,male,25.0,1,0,17.8,Third,man,True,Southampton,no,False,2,1.5,0.5
354,male,33.17312348668281,0,0,7.225,Third,man,True,Cherbourg,no,True,1,0.5,-0.5
355,male,28.0,0,0,9.5,Third,man,True,Southampton,no,True,1,0.5,-0.5
356,female,22.0,0,1,55.0,First,woman,False,Southampton,yes,False,1,0.5,-0.5
357,female,38.0,0,0,13.0,Second,woman,False,Southampton,no,True,1,0.5,-0.5
358,female,32.0,0,0,7.8792,Third,woman,False,Queenstown,yes,True,1,0.5,-0.5
359,female,32.0,0,0,7.8792,Third,woman,False,Queenstown,yes,True,1,0.5,-0.5
360,male,40.0,1,4,27.9,Third,man,True,Southampton,no,False,2,1.5,0.5
361,male,29.0,1,0,27.7208,Second,man,True,Cherbourg,no,False,2,1.5,0.5
362,female,45.0,0,1,14.4542,Third,woman,False,Cherbourg,no,False,1,0.5,-0.5
363,male,35.0,0,0,7.05,Third,man,True,Southampton,no,True,1,0.5,-0.5
364,male,33.17312348668281,1,0,15.5,Third,man,True,Queenstown,no,False,2,1.5,0.5
365,male,30.0,0,0,7.25,Third,man,True,Southampton,no,True,1,0.5,-0.5
366,female,60.0,1,0,75.25,First,woman,False,Cherbourg,yes,False,2,1.5,0.5
367,female,32.0,0,0,7.2292,Third,woman,False,Cherbourg,yes,True,1,0.5,-0.5
368,female,32.0,0,0,7.75,Third,woman,False,Queenstown,yes,True,1,0.5,-0.5
369,female,24.0,0,0,69.3,First,woman,False,Cherbourg,yes,True,1,0.5,-0.5
370,male,25.0,1,0,55.4417,First,man,True,Cherbourg,yes,False,2,1.5,0.5
371,male,18.0,1,0,6.4958,Third,man,True,Southampton,no,False,2,1.5,0.5
372,male,19.0,0,0,8.05,Third,man,True,Southampton,no,True,1,0.5,-0.5
373,male,22.0,0,0,135.6333,First,man,True,Cherbourg,no,True,1,0.5,-0.5
374,female,3.0,3,1,21.075,Third,child,False,Southampton,no,False,4,3.5,2.5
375,female,32.0,1,0,82.1708,First,woman,False,Cherbourg,yes,False,2,1.5,0.5
376,female,22.0,0,0,7.25,Third,woman,False,Southampton,yes,True,1,0.5,-0.5
377,male,27.0,0,2,211.5,First,man,True,Cherbourg,no,False,1,0.5,-0.5
378,male,20.0,0,0,4.0125,Third,man,True,Cherbourg,no,True,1,0.5,-0.5
379,male,19.0,0,0,7.775,Third,man,True,Southampton,no,True,1,0.5,-0.5
380,female,42.0,0,0,227.525,First,woman,False,Cherbourg,yes,True,1,0.5,-0.5
381,female,1.0,0,2,15.7417,Third,child,False,Cherbourg,yes,False,1,0.5,-0.5
382,male,32.0,0,0,7.925,Third,man,True,Southampton,no,True,1,0.5,-0.5
383,female,35.0,1,0,52.0,First,woman,False,Southampton,yes,False,2,1.5,0.5
384,male,33.17312348668281,0,0,7.8958,Third,man,True,Southampton,no,True,1,0.5,-0.5
385,male,18.0,0,0,73.5,Second,man,True,Southampton,no,True,1,0.5,-0.5
386,male,1.0,5,2,46.9,Third,child,False,Southampton,no,False,6,5.5,4.5
387,female,36.0,0,0,13.0,Second,woman,False,Southampton,yes,True,1,0.5,-0.5
388,male,33.17312348668281,0,0,7.7292,Third,man,True,Queenstown,no,True,1,0.5,-0.5
389,female,17.0,0,0,12.0,Second,woman,False,Cherbourg,yes,True,1,0.5,-0.5
390,male,36.0,1,2,120.0,First,man,True,Southampton,yes,False,2,1.5,0.5
391,male,21.0,0,0,7.7958,Third,man,True,Southampton,yes,True,1,0.5,-0.5
392,male,28.0,2,0,7.925,Third,man,True,Southampton,no,False,3,2.5,1.5
393,female,23.0,1,0,113.275,First,woman,False,Cherbourg,yes,False,2,1.5,0.5
394,female,24.0,0,2,16.7,Third,woman,False,Southampton,yes,False,1,0.5,-0.5
395,male,22.0,0,0,7.7958,Third,man,True,Southampton,no,True,1,0.5,-0.5
396,female,31.0,0,0,7.8542,Third,woman,False,Southampton,no,True,1,0.5,-0.5
397,male,46.0,0,0,26.0,Second,man,True,Southampton,no,True,1,0.5,-0.5
398,male,23.0,0,0,10.5,Second,man,True,Southampton,no,True,1,0.5,-0.5
399,female,28.0,0,0,12.65,Second,woman,False,Southampton,yes,True,1,0.5,-0.5
400,male,39.0,0,0,7.925,Third,man,True,Southampton,yes,True,1,0.5,-0.5
401,male,26.0,0,0,8.05,Third,man,True,Southampton,no,True,1,0.5,-0.5
402,female,21.0,1,0,9.825,Third,woman,False,Southampton,no,False,2,1.5,0.5
403,male,28.0,1,0,15.85,Third,man,True,Southampton,no,False,2,1.5,0.5
404,female,20.0,0,0,8.6625,Third,woman,False,Southampton,no,True,1,0.5,-0.5
405,male,34.0,1,0,21.0,Second,man,True,Southampton,no,False,2,1.5,0.5
406,male,51.0,0,0,7.75,Third,man,True,Southampton,no,True,1,0.5,-0.5
407,male,3.0,1,1,18.75,Second,child,False,Southampton,yes,False,2,1.5,0.5
408,male,21.0,0,0,7.775,Third,man,True,Southampton,no,True,1,0.5,-0.5
409,female,32.0,3,1,25.4667,Third,woman,False,Southampton,no,False,4,3.5,2.5
410,male,33.17312348668281,0,0,7.8958,Third,man,True,Southampton,no,True,1,0.5,-0.5
411,male,33.17312348668281,0,0,6.8583,Third,man,True,Queenstown,no,True,1,0.5,-0.5
412,female,33.0,1,0,90.0,First,woman,False,Queenstown,yes,False,2,1.5,0.5
413,male,33.17312348668281,0,0,0.0,Second,man,True,Southampton,no,True,1,0.5,-0.5
414,male,44.0,0,0,7.925,Third,man,True,Southampton,yes,True,1,0.5,-0.5
415,female,32.0,0,0,8.05,Third,woman,False,Southampton,no,True,1,0.5,-0.5
416,female,34.0,1,1,32.5,Second,woman,False,Southampton,yes,False,2,1.5,0.5
417,female,18.0,0,2,13.0,Second,woman,False,Southampton,yes,False,1,0.5,-0.5
418,male,30.0,0,0,13.0,Second,man,True,Southampton,no,True,1,0.5,-0.5
419,female,10.0,0,2,24.15,Third,child,False,Southampton,no,False,1,0.5,-0.5
420,male,33.17312348668281,0,0,7.8958,Third,man,True,Cherbourg,no,True,1,0.5,-0.5
421,male,21.0,0,0,7.7333,Third,man,True,Queenstown,no,True,1,0.5,-0.5
422,male,29.0,0,0,7.875,Third,man,True,Southampton,no,True,1,0.5,-0.5
423,female,28.0,1,1,14.4,Third,woman,False,Southampton,no,False,2,1.5,0.5
424,male,18.0,1,1,20.2125,Third,man,True,Southampton,no,False,2,1.5,0.5
425,male,33.17312348668281,0,0,7.25,Third,man,True,Southampton,no,True,1,0.5,-0.5
426,female,28.0,1,0,26.0,Second,woman,False,Southampton,yes,False,2,1.5,0.5
427,female,19.0,0,0,26.0,Second,woman,False,Southampton,yes,True,1,0.5,-0.5
428,male,33.17312348668281,0,0,7.75,Third,man,True,Queenstown,no,True,1,0.5,-0.5
429,male,32.0,0,0,8.05,Third,man,True,Southampton,yes,True,1,0.5,-0.5
430,male,28.0,0,0,26.55,First,man,True,Southampton,yes,True,1,0.5,-0.5
431,female,32.0,1,0,16.1,Third,woman,False,Southampton,yes,False,2,1.5,0.5
432,female,42.0,1,0,26.0,Second,woman,False,Southampton,yes,False,2,1.5,0.5
433,male,17.0,0,0,7.125,Third,man,True,Southampton,no,True,1,0.5,-0.5
434,male,50.0,1,0,55.9,First,man,True,Southampton,no,False,2,1.5,0.5
435,female,14.0,1,2,120.0,First,child,False,Southampton,yes,False,2,1.5,0.5
436,female,21.0,2,2,34.375,Third,woman,False,Southampton,no,False,3,2.5,1.5
437,female,24.0,2,3,18.75,Second,woman,False,Southampton,yes,False,3,2.5,1.5
438,male,64.0,1,4,263.0,First,man,True,Southampton,no,False,2,1.5,0.5
439,male,31.0,0,0,10.5,Second,man,True,Southampton,no,True,1,0.5,-0.5
440,female,45.0,1,1,26.25,Second,woman,False,Southampton,yes,False,2,1.5,0.5
441,male,20.0,0,0,9.5,Third,man,True,Southampton,no,True,1,0.5,-0.5
442,male,25.0,1,0,7.775,Third,man,True,Southampton,no,False,2,1.5,0.5
443,female,28.0,0,0,13.0,Second,woman,False,Southampton,yes,True,1,0.5,-0.5
444,male,33.17312348668281,0,0,8.1125,Third,man,True,Southampton,yes,True,1,0.5,-0.5
445,male,4.0,0,2,81.8583,First,child,False,Southampton,yes,False,1,0.5,-0.5
446,female,13.0,0,1,19.5,Second,child,False,Southampton,yes,False,1,0.5,-0.5
447,male,34.0,0,0,26.55,First,man,True,Southampton,yes,True,1,0.5,-0.5
448,female,5.0,2,1,19.2583,Third,child,False,Cherbourg,yes,False,3,2.5,1.5
449,male,52.0,0,0,30.5,First,man,True,Southampton,yes,True,1,0.5,-0.5
450,male,36.0,1,2,27.75,Second,man,True,Southampton,no,False,2,1.5,0.5
451,male,33.17312348668281,1,0,19.9667,Third,man,True,Southampton,no,False,2,1.5,0.5
452,male,30.0,0,0,27.75,First,man,True,Cherbourg,no,True,1,0.5,-0.5
453,male,49.0,1,0,89.1042,First,man,True,Cherbourg,yes,False,2,1.5,0.5
454,male,33.17312348668281,0,0,8.05,Third,man,True,Southampton,no,True,1,0.5,-0.5
455,male,29.0,0,0,7.8958,Third,man,True,Cherbourg,yes,True,1,0.5,-0.5
456,male,65.0,0,0,26.55,First,man,True,Southampton,no,True,1,0.5,-0.5
457,female,32.0,1,0,51.8625,First,woman,False,Southampton,yes,False,2,1.5,0.5
458,female,50.0,0,0,10.5,Second,woman,False,Southampton,yes,True,1,0.5,-0.5
459,male,33.17312348668281,0,0,7.75,Third,man,True,Queenstown,no,True,1,0.5,-0.5
460,male,48.0,0,0,26.55,First,man,True,Southampton,yes,True,1,0.5,-0.5
461,male,34.0,0,0,8.05,Third,man,True,Southampton,no,True,1,0.5,-0.5
462,male,47.0,0,0,38.5,First,man,True,Southampton,no,True,1,0.5,-0.5
463,male,48.0,0,0,13.0,Second,man,True,Southampton,no,True,1,0.5,-0.5
464,male,33.17312348668281,0,0,8.05,Third,man,True,Southampton,no,True,1,0.5,-0.5
465,male,38.0,0,0,7.05,Third,man,True,Southampton,no,True,1,0.5,-0.5
466,male,33.17312348668281,0,0,0.0,Second,man,True,Southampton,no,True,1,0.5,-0.5
467,male,56.0,0,0,26.55,First,man,True,Southampton,no,True,1,0.5,-0.5
468,male,33.17312348668281,0,0,7.725,Third,man,True,Queenstown,no,True,1,0.5,-0.5
469,female,0.75,2,1,19.2583,Third,child,False,Cherbourg,yes,False,3,2.5,1.5
470,male,33.17312348668281,0,0,7.25,Third,man,True,Southampton,no,True,1,0.5,-0.5
471,male,38.0,0,0,8.6625,Third,man,True,Southampton,no,True,1,0.5,-0.5
472,female,33.0,1,2,27.75,Second,woman,False,Southampton,yes,False,2,1.5,0.5
473,female,23.0,0,0,13.7917,Second,woman,False,Cherbourg,yes,True,1,0.5,-0.5
474,female,22.0,0,0,9.8375,Third,woman,False,Southampton,no,True,1,0.5,-0.5
475,male,33.17312348668281,0,0,52.0,First,man,True,Southampton,no,True,1,0.5,-0.5
476,male,34.0,1,0,21.0,Second,man,True,Southampton,no,False,2,1.5,0.5
477,male,29.0,1,0,7.0458,Third,man,True,Southampton,no,False,2,1.5,0.5
478,male,22.0,0,0,7.5208,Third,man,True,Southampton,no,True,1,0.5,-0.5
479,female,2.0,0,1,12.2875,Third,child,False,Southampton,yes,False,1,0.5,-0.5
480,male,9.0,5,2,46.9,Third,child,False,Southampton,no,False,6,5.5,4.5
481,male,33.17312348668281,0,0,0.0,Second,man,True,Southampton,no,True,1,0.5,-0.5
482,male,50.0,0,0,8.05,Third,man,True,Southampton,no,True,1,0.5,-0.5
483,female,63.0,0,0,9.5875,Third,woman,False,Southampton,yes,True,1,0.5,-0.5
484,male,25.0,1,0,91.0792,First,man,True,Cherbourg,yes,False,2,1.5,0.5
485,female,32.0,3,1,25.4667,Third,woman,False,Southampton,no,False,4,3.5,2.5
486,female,35.0,1,0,90.0,First,woman,False,Southampton,yes,False,2,1.5,0.5
487,male,58.0,0,0,29.7,First,man,True,Cherbourg,no,True,1,0.5,-0.5
488,male,30.0,0,0,8.05,Third,man,True,Southampton,no,True,1,0.5,-0.5
489,male,9.0,1,1,15.9,Third,child,False,Southampton,yes,False,2,1.5,0.5
490,male,33.17312348668281,1,0,19.9667,Third,man,True,Southampton,no,False,2,1.5,0.5
491,male,21.0,0,0,7.25,Third,man,True,Southampton,no,True,1,0.5,-0.5
492,male,55.0,0,0,30.5,First,man,True,Southampton,no,True,1,0.5,-0.5
493,male,71.0,0,0,49.5042,First,man,True,Cherbourg,no,True,1,0.5,-0.5
494,male,21.0,0,0,8.05,Third,man,True,Southampton,no,True,1,0.5,-0.5
495,male,33.17312348668281,0,0,14.4583,Third,man,True,Cherbourg,no,True,1,0.5,-0.5
496,female,54.0,1,0,78.2667,First,woman,False,Cherbourg,yes,False,2,1.5,0.5
497,male,33.17312348668281,0,0,15.1,Third,man,True,Southampton,no,True,1,0.5,-0.5
498,female,25.0,1,2,151.55,First,woman,False,Southampton,no,False,2,1.5,0.5
499,male,24.0,0,0,7.7958,Third,man,True,Southampton,no,True,1,0.5,-0.5
500,male,17.0,0,0,8.6625,Third,man,True,Southampton,no,True,1,0.5,-0.5
501,female,21.0,0,0,7.75,Third,woman,False,Queenstown,no,True,1,0.5,-0.5
502,female,32.0,0,0,7.6292,Third,woman,False,Queenstown,no,True,1,0.5,-0.5
503,female,37.0,0,0,9.5875,Third,woman,False,Southampton,no,True,1,0.5,-0.5
504,female,16.0,0,0,86.5,First,woman,False,Southampton,yes,True,1,0.5,-0.5
505,male,18.0,1,0,108.9,First,man,True,Cherbourg,no,False,2,1.5,0.5
506,female,33.0,0,2,26.0,Second,woman,False,Southampton,yes,False,1,0.5,-0.5
507,male,33.17312348668281,0,0,26.55,First,man,True,Southampton,yes,True,1,0.5,-0.5
508,male,28.0,0,0,22.525,Third,man,True,Southampton,no,True,1,0.5,-0.5
509,male,26.0,0,0,56.4958,Third,man,True,Southampton,yes,True,1,0.5,-0.5
510,male,29.0,0,0,7.75,Third,man,True,Queenstown,yes,True,1,0.5,-0.5
511,male,33.17312348668281,0,0,8.05,Third,man,True,Southampton,no,True,1,0.5,-0.5
512,male,36.0,0,0,26.2875,First,man,True,Southampton,yes,True,1,0.5,-0.5
513,female,54.0,1,0,59.4,First,woman,False,Cherbourg,yes,False,2,1.5,0.5
514,male,24.0,0,0,7.4958,Third,man,True,Southampton,no,True,1,0.5,-0.5
515,male,47.0,0,0,34.0208,First,man,True,Southampton,no,True,1,0.5,-0.5
516,female,34.0,0,0,10.5,Second,woman,False,Southampton,yes,True,1,0.5,-0.5
517,male,33.17312348668281,0,0,24.15,Third,man,True,Queenstown,no,True,1,0.5,-0.5
518,female,36.0,1,0,26.0,Second,woman,False,Southampton,yes,False,2,1.5,0.5
519,male,32.0,0,0,7.8958,Third,man,True,Southampton,no,True,1,0.5,-0.5
520,female,30.0,0,0,93.5,First,woman,False,Southampton,yes,True,1,0.5,-0.5
521,male,22.0,0,0,7.8958,Third,man,True,Southampton,no,True,1,0.5,-0.5
522,male,33.17312348668281,0,0,7.225,Third,man,True,Cherbourg,no,True,1,0.5,-0.5
523,female,44.0,0,1,57.9792,First,woman,False,Cherbourg,yes,False,1,0.5,-0.5
524,male,33.17312348668281,0,0,7.2292,Third,man,True,Cherbourg,no,True,1,0.5,-0.5
525,male,40.5,0,0,7.75,Third,man,True,Queenstown,no,True,1,0.5,-0.5
526,female,50.0,0,0,10.5,Second,woman,False,Southampton,yes,True,1,0.5,-0.5
527,male,33.17312348668281,0,0,221.7792,First,man,True,Southampton,no,True,1,0.5,-0.5
528,male,39.0,0,0,7.925,Third,man,True,Southampton,no,True,1,0.5,-0.5
529,male,23.0,2,1,11.5,Second,man,True,Southampton,no,False,3,2.5,1.5
530,female,2.0,1,1,26.0,Second,child,False,Southampton,yes,False,2,1.5,0.5
531,male,33.17312348668281,0,0,7.2292,Third,man,True,Cherbourg,no,True,1,0.5,-0.5
532,male,17.0,1,1,7.2292,Third,man,True,Cherbourg,no,False,2,1.5,0.5
533,female,32.0,0,2,22.3583,Third,woman,False,Cherbourg,yes,False,1,0.5,-0.5
534,female,30.0,0,0,8.6625,Third,woman,False,Southampton,no,True,1,0.5,-0.5
535,female,7.0,0,2,26.25,Second,child,False,Southampton,yes,False,1,0.5,-0.5
536,male,45.0,0,0,26.55,First,man,True,Southampton,no,True,1,0.5,-0.5
537,female,30.0,0,0,106.425,First,woman,False,Cherbourg,yes,True,1,0.5,-0.5
538,male,33.17312348668281,0,0,14.5,Third,man,True,Southampton,no,True,1,0.5,-0.5
539,female,22.0,0,2,49.5,First,woman,False,Cherbourg,yes,False,1,0.5,-0.5
540,female,36.0,0,2,71.0,First,woman,False,Southampton,yes,False,1,0.5,-0.5
541,female,9.0,4,2,31.275,Third,child,False,Southampton,no,False,5,4.5,3.5
542,female,11.0,4,2,31.275,Third,child,False,Southampton,no,False,5,4.5,3.5
543,male,32.0,1,0,26.0,Second,man,True,Southampton,yes,False,2,1.5,0.5
544,male,50.0,1,0,106.425,First,man,True,Cherbourg,no,False,2,1.5,0.5
545,male,64.0,0,0,26.0,First,man,True,Southampton,no,True,1,0.5,-0.5
546,female,19.0,1,0,26.0,Second,woman,False,Southampton,yes,False,2,1.5,0.5
547,male,33.17312348668281,0,0,13.8625,Second,man,True,Cherbourg,yes,True,1,0.5,-0.5
548,male,33.0,1,1,20.525,Third,man,True,Southampton,no,False,2,1.5,0.5
549,male,8.0,1,1,36.75,Second,child,False,Southampton,yes,False,2,1.5,0.5
550,male,17.0,0,2,110.8833,First,man,True,Cherbourg,yes,False,1,0.5,-0.5
551,male,27.0,0,0,26.0,Second,man,True,Southampton,no,True,1,0.5,-0.5
552,male,33.17312348668281,0,0,7.8292,Third,man,True,Queenstown,no,True,1,0.5,-0.5
553,male,22.0,0,0,7.225,Third,man,True,Cherbourg,yes,True,1,0.5,-0.5
554,female,22.0,0,0,7.775,Third,woman,False,Southampton,yes,True,1,0.5,-0.5
555,male,62.0,0,0,26.55,First,man,True,Southampton,no,True,1,0.5,-0.5
556,female,48.0,1,0,39.6,First,woman,False,Cherbourg,yes,False,2,1.5,0.5
557,male,33.17312348668281,0,0,227.525,First,man,True,Cherbourg,no,True,1,0.5,-0.5
558,female,39.0,1,1,79.65,First,woman,False,Southampton,yes,False,2,1.5,0.5
559,female,36.0,1,0,17.4,Third,woman,False,Southampton,yes,False,2,1.5,0.5
560,male,33.17312348668281,0,0,7.75,Third,man,True,Queenstown,no,True,1,0.5,-0.5
561,male,40.0,0,0,7.8958,Third,man,True,Southampton,no,True,1,0.5,-0.5
562,male,28.0,0,0,13.5,Second,man,True,Southampton,no,True,1,0.5,-0.5
563,male,33.17312348668281,0,0,8.05,Third,man,True,Southampton,no,True,1,0.5,-0.5
564,female,32.0,0,0,8.05,Third,woman,False,Southampton,no,True,1,0.5,-0.5
565,male,24.0,2,0,24.15,Third,man,True,Southampton,no,False,3,2.5,1.5
566,male,19.0,0,0,7.8958,Third,man,True,Southampton,no,True,1,0.5,-0.5
567,female,29.0,0,4,21.075,Third,woman,False,Southampton,no,False,1,0.5,-0.5
568,male,33.17312348668281,0,0,7.2292,Third,man,True,Cherbourg,no,True,1,0.5,-0.5
569,male,32.0,0,0,7.8542,Third,man,True,Southampton,yes,True,1,0.5,-0.5
570,male,62.0,0,0,10.5,Second,man,True,Southampton,yes,True,1,0.5,-0.5
571,female,53.0,2,0,51.4792,First,woman,False,Southampton,yes,False,3,2.5,1.5
572,male,36.0,0,0,26.3875,First,man,True,Southampton,yes,True,1,0.5,-0.5
573,female,32.0,0,0,7.75,Third,woman,False,Queenstown,yes,True,1,0.5,-0.5
574,male,16.0,0,0,8.05,Third,man,True,Southampton,no,True,1,0.5,-0.5
575,male,19.0,0,0,14.5,Third,man,True,Southampton,no,True,1,0.5,-0.5
576,female,34.0,0,0,13.0,Second,woman,False,Southampton,yes,True,1,0.5,-0.5
577,female,39.0,1,0,55.9,First,woman,False,Southampton,yes,False,2,1.5,0.5
578,female,32.0,1,0,14.4583,Third,woman,False,Cherbourg,no,False,2,1.5,0.5
579,male,32.0,0,0,7.925,Third,man,True,Southampton,yes,True,1,0.5,-0.5
580,female,25.0,1,1,30.0,Second,woman,False,Southampton,yes,False,2,1.5,0.5
581,female,39.0,1,1,110.8833,First,woman,False,Cherbourg,yes,False,2,1.5,0.5
582,male,54.0,0,0,26.0,Second,man,True,Southampton,no,True,1,0.5,-0.5
583,male,36.0,0,0,40.125,First,man,True,Cherbourg,no,True,1,0.5,-0.5
584,male,33.17312348668281,0,0,8.7125,Third,man,True,Cherbourg,no,True,1,0.5,-0.5
585,female,18.0,0,2,79.65,First,woman,False,Southampton,yes,False,1,0.5,-0.5
586,male,47.0,0,0,15.0,Second,man,True,Southampton,no,True,1,0.5,-0.5
587,male,60.0,1,1,79.2,First,man,True,Cherbourg,yes,False,2,1.5,0.5
588,male,22.0,0,0,8.05,Third,man,True,Southampton,no,True,1,0.5,-0.5
589,male,33.17312348668281,0,0,8.05,Third,man,True,Southampton,no,True,1,0.5,-0.5
590,male,35.0,0,0,7.125,Third,man,True,Southampton,no,True,1,0.5,-0.5
591,female,52.0,1,0,78.2667,First,woman,False,Cherbourg,yes,False,2,1.5,0.5
592,male,47.0,0,0,7.25,Third,man,True,Southampton,no,True,1,0.5,-0.5
593,female,32.0,0,2,7.75,Third,woman,False,Queenstown,no,False,1,0.5,-0.5
594,male,37.0,1,0,26.0,Second,man,True,Southampton,no,False,2,1.5,0.5
595,male,36.0,1,1,24.15,Third,man,True,Southampton,no,False,2,1.5,0.5
596,female,32.0,0,0,33.0,Second,woman,False,Southampton,yes,True,1,0.5,-0.5
597,male,49.0,0,0,0.0,Third,man,True,Southampton,no,True,1,0.5,-0.5
598,male,33.17312348668281,0,0,7.225,Third,man,True,Cherbourg,no,True,1,0.5,-0.5
599,male,49.0,1,0,56.9292,First,man,True,Cherbourg,yes,False,2,1.5,0.5
600,female,24.0,2,1,27.0,Second,woman,False,Southampton,yes,False,3,2.5,1.5
601,male,33.17312348668281,0,0,7.8958,Third,man,True,Southampton,no,True,1,0.5,-0.5
602,male,33.17312348668281,0,0,42.4,First,man,True,Southampton,no,True,1,0.5,-0.5
603,male,44.0,0,0,8.05,Third,man,True,Southampton,no,True,1,0.5,-0.5
604,male,35.0,0,0,26.55,First,man,True,Cherbourg,yes,True,1,0.5,-0.5
605,male,36.0,1,0,15.55,Third,man,True,Southampton,no,False,2,1.5,0.5
606,male,30.0,0,0,7.8958,Third,man,True,Southampton,no,True,1,0.5,-0.5
607,male,27.0,0,0,30.5,First,man,True,Southampton,yes,True,1,0.5,-0.5
608,female,22.0,1,2,41.5792,Second,woman,False,Cherbourg,yes,False,2,1.5,0.5
609,female,40.0,0,0,153.4625,First,woman,False,Southampton,yes,True,1,0.5,-0.5
610,female,39.0,1,5,31.275,Third,woman,False,Southampton,no,False,2,1.5,0.5
611,male,33.17312348668281,0,0,7.05,Third,man,True,Southampton,no,True,1,0.5,-0.5
612,female,32.0,1,0,15.5,Third,woman,False,Queenstown,yes,False,2,1.5,0.5
613,male,33.17312348668281,0,0,7.75,Third,man,True,Queenstown,no,True,1,0.5,-0.5
614,male,35.0,0,0,8.05,Third,man,True,Southampton,no,True,1,0.5,-0.5
615,female,24.0,1,2,65.0,Second,woman,False,Southampton,yes,False,2,1.5,0.5
616,male,34.0,1,1,14.4,Third,man,True,Southampton,no,False,2,1.5,0.5
617,female,26.0,1,0,16.1,Third,woman,False,Southampton,no,False,2,1.5,0.5
618,female,4.0,2,1,39.0,Second,child,False,Southampton,yes,False,3,2.5,1.5
619,male,26.0,0,0,10.5,Second,man,True,Southampton,no,True,1,0.5,-0.5
620,male,27.0,1,0,14.4542,Third,man,True,Cherbourg,no,False,2,1.5,0.5
621,male,42.0,1,0,52.5542,First,man,True,Southampton,yes,False,2,1.5,0.5
622,male,20.0,1,1,15.7417,Third,man,True,Cherbourg,yes,False,2,1.5,0.5
623,male,21.0,0,0,7.8542,Third,man,True,Southampton,no,True,1,0.5,-0.5
624,male,21.0,0,0,16.1,Third,man,True,Southampton,no,True,1,0.5,-0.5
625,male,61.0,0,0,32.3208,First,man,True,Southampton,no,True,1,0.5,-0.5
626,male,57.0,0,0,12.35,Second,man,True,Queenstown,no,True,1,0.5,-0.5
627,female,21.0,0,0,77.9583,First,woman,False,Southampton,yes,True,1,0.5,-0.5
628,male,26.0,0,0,7.8958,Third,man,True,Southampton,no,True,1,0.5,-0.5
629,male,33.17312348668281,0,0,7.7333,Third,man,True,Queenstown,no,True,1,0.5,-0.5
630,male,80.0,0,0,30.0,First,man,True,Southampton,yes,True,1,0.5,-0.5
631,male,51.0,0,0,7.0542,Third,man,True,Southampton,no,True,1,0.5,-0.5
632,male,32.0,0,0,30.5,First,man,True,Cherbourg,yes,True,1,0.5,-0.5
633,male,33.17312348668281,0,0,0.0,First,man,True,Southampton,no,True,1,0.5,-0.5
634,female,9.0,3,2,27.9,Third,child,False,Southampton,no,False,4,3.5,2.5
635,female,28.0,0,0,13.0,Second,woman,False,Southampton,yes,True,1,0.5,-0.5
636,male,32.0,0,0,7.925,Third,man,True,Southampton,no,True,1,0.5,-0.5
637,male,31.0,1,1,26.25,Second,man,True,Southampton,no,False,2,1.5,0.5
638,female,41.0,0,5,39.6875,Third,woman,False,Southampton,no,False,1,0.5,-0.5
639,male,33.17312348668281,1,0,16.1,Third,man,True,Southampton,no,False,2,1.5,0.5
640,male,20.0,0,0,7.8542,Third,man,True,Southampton,no,True,1,0.5,-0.5
641,female,24.0,0,0,69.3,First,woman,False,Cherbourg,yes,True,1,0.5,-0.5
642,female,2.0,3,2,27.9,Third,child,False,Southampton,no,False,4,3.5,2.5
643,male,33.17312348668281,0,0,56.4958,Third,man,True,Southampton,yes,True,1,0.5,-0.5
644,female,0.75,2,1,19.2583,Third,child,False,Cherbourg,yes,False,3,2.5,1.5
645,male,48.0,1,0,76.7292,First,man,True,Cherbourg,yes,False,2,1.5,0.5
646,male,19.0,0,0,7.8958,Third,man,True,Southampton,no,True,1,0.5,-0.5
647,male,56.0,0,0,35.5,First,man,True,Cherbourg,yes,True,1,0.5,-0.5
648,male,33.17312348668281,0,0,7.55,Third,man,True,Southampton,no,True,1,0.5,-0.5
649,female,23.0,0,0,7.55,Third,woman,False,Southampton,yes,True,1,0.5,-0.5
650,male,33.17312348668281,0,0,7.8958,Third,man,True,Southampton,no,True,1,0.5,-0.5
651,female,18.0,0,1,23.0,Second,woman,False,Southampton,yes,False,1,0.5,-0.5
652,male,21.0,0,0,8.4333,Third,man,True,Southampton,no,True,1,0.5,-0.5
653,female,32.0,0,0,7.8292,Third,woman,False,Queenstown,yes,True,1,0.5,-0.5
654,female,18.0,0,0,6.75,Third,woman,False,Queenstown,no,True,1,0.5,-0.5
655,male,24.0,2,0,73.5,Second,man,True,Southampton,no,False,3,2.5,1.5
656,male,33.17312348668281,0,0,7.8958,Third,man,True,Southampton,no,True,1,0.5,-0.5
657,female,32.0,1,1,15.5,Third,woman,False,Queenstown,no,False,2,1.5,0.5
658,male,23.0,0,0,13.0,Second,man,True,Southampton,no,True,1,0.5,-0.5
659,male,58.0,0,2,113.275,First,man,True,Cherbourg,no,False,1,0.5,-0.5
660,male,50.0,2,0,133.65,First,man,True,Southampton,yes,False,3,2.5,1.5
661,male,40.0,0,0,7.225,Third,man,True,Cherbourg,no,True,1,0.5,-0.5
662,male,47.0,0,0,25.5875,First,man,True,Southampton,no,True,1,0.5,-0.5
663,male,36.0,0,0,7.4958,Third,man,True,Southampton,no,True,1,0.5,-0.5
664,male,20.0,1,0,7.925,Third,man,True,Southampton,yes,False,2,1.5,0.5
665,male,32.0,2,0,73.5,Second,man,True,Southampton,no,False,3,2.5,1.5
666,male,25.0,0,0,13.0,Second,man,True,Southampton,no,True,1,0.5,-0.5
667,male,33.17312348668281,0,0,7.775,Third,man,True,Southampton,no,True,1,0.5,-0.5
668,male,43.0,0,0,8.05,Third,man,True,Southampton,no,True,1,0.5,-0.5
669,female,32.0,1,0,52.0,First,woman,False,Southampton,yes,False,2,1.5,0.5
670,female,40.0,1,1,39.0,Second,woman,False,Southampton,yes,False,2,1.5,0.5
671,male,31.0,1,0,52.0,First,man,True,Southampton,no,False,2,1.5,0.5
672,male,70.0,0,0,10.5,Second,man,True,Southampton,no,True,1,0.5,-0.5
673,male,31.0,0,0,13.0,Second,man,True,Southampton,yes,True,1,0.5,-0.5
674,male,33.17312348668281,0,0,0.0,Second,man,True,Southampton,no,True,1,0.5,-0.5
675,male,18.0,0,0,7.775,Third,man,True,Southampton,no,True,1,0.5,-0.5
676,male,24.5,0,0,8.05,Third,man,True,Southampton,no,True,1,0.5,-0.5
677,female,18.0,0,0,9.8417,Third,woman,False,Southampton,yes,True,1,0.5,-0.5
678,female,43.0,1,6,46.9,Third,woman,False,Southampton,no,False,2,1.5,0.5
679,male,36.0,0,1,512.3292,First,man,True,Cherbourg,yes,False,1,0.5,-0.5
680,female,32.0,0,0,8.1375,Third,woman,False,Queenstown,no,True,1,0.5,-0.5
681,male,27.0,0,0,76.7292,First,man,True,Cherbourg,yes,True,1,0.5,-0.5
682,male,20.0,0,0,9.225,Third,man,True,Southampton,no,True,1,0.5,-0.5
683,male,14.0,5,2,46.9,Third,child,False,Southampton,no,False,6,5.5,4.5
684,male,60.0,1,1,39.0,Second,man,True,Southampton,no,False,2,1.5,0.5
685,male,25.0,1,2,41.5792,Second,man,True,Cherbourg,no,False,2,1.5,0.5
686,male,14.0,4,1,39.6875,Third,child,False,Southampton,no,False,5,4.5,3.5
687,male,19.0,0,0,10.1708,Third,man,True,Southampton,no,True,1,0.5,-0.5
688,male,18.0,0,0,7.7958,Third,man,True,Southampton,no,True,1,0.5,-0.5
689,female,15.0,0,1,211.3375,First,child,False,Southampton,yes,False,1,0.5,-0.5
690,male,31.0,1,0,57.0,First,man,True,Southampton,yes,False,2,1.5,0.5
691,female,4.0,0,1,13.4167,Third,child,False,Cherbourg,yes,False,1,0.5,-0.5
692,male,33.17312348668281,0,0,56.4958,Third,man,True,Southampton,yes,True,1,0.5,-0.5
693,male,25.0,0,0,7.225,Third,man,True,Cherbourg,no,True,1,0.5,-0.5
694,male,60.0,0,0,26.55,First,man,True,Southampton,no,True,1,0.5,-0.5
695,male,52.0,0,0,13.5,Second,man,True,Southampton,no,True,1,0.5,-0.5
696,male,44.0,0,0,8.05,Third,man,True,Southampton,no,True,1,0.5,-0.5
697,female,32.0,0,0,7.7333,Third,woman,False,Queenstown,yes,True,1,0.5,-0.5
698,male,49.0,1,1,110.8833,First,man,True,Cherbourg,no,False,2,1.5,0.5
699,male,42.0,0,0,7.65,Third,man,True,Southampton,no,True,1,0.5,-0.5
700,female,18.0,1,0,227.525,First,woman,False,Cherbourg,yes,False,2,1.5,0.5
701,male,35.0,0,0,26.2875,First,man,True,Southampton,yes,True,1,0.5,-0.5
702,female,18.0,0,1,14.4542,Third,woman,False,Cherbourg,no,False,1,0.5,-0.5
703,male,25.0,0,0,7.7417,Third,man,True,Queenstown,no,True,1,0.5,-0.5
704,male,26.0,1,0,7.8542,Third,man,True,Southampton,no,False,2,1.5,0.5
705,male,39.0,0,0,26.0,Second,man,True,Southampton,no,True,1,0.5,-0.5
706,female,45.0,0,0,13.5,Second,woman,False,Southampton,yes,True,1,0.5,-0.5
707,male,42.0,0,0,26.2875,First,man,True,Southampton,yes,True,1,0.5,-0.5
708,female,22.0,0,0,151.55,First,woman,False,Southampton,yes,True,1,0.5,-0.5
709,male,33.17312348668281,1,1,15.2458,Third,man,True,Cherbourg,yes,False,2,1.5,0.5
710,female,24.0,0,0,49.5042,First,woman,False,Cherbourg,yes,True,1,0.5,-0.5
711,male,33.17312348668281,0,0,26.55,First,man,True,Southampton,no,True,1,0.5,-0.5
712,male,48.0,1,0,52.0,First,man,True,Southampton,yes,False,2,1.5,0.5
713,male,29.0,0,0,9.4833,Third,man,True,Southampton,no,True,1,0.5,-0.5
714,male,52.0,0,0,13.0,Second,man,True,Southampton,no,True,1,0.5,-0.5
715,male,19.0,0,0,7.65,Third,man,True,Southampton,no,True,1,0.5,-0.5
716,female,38.0,0,0,227.525,First,woman,False,Cherbourg,yes,True,1,0.5,-0.5
717,female,27.0,0,0,10.5,Second,woman,False,Southampton,yes,True,1,0.5,-0.5
718,male,33.17312348668281,0,0,15.5,Third,man,True,Queenstown,no,True,1,0.5,-0.5
719,male,33.0,0,0,7.775,Third,man,True,Southampton,no,True,1,0.5,-0.5
720,female,6.0,0,1,33.0,Second,child,False,Southampton,yes,False,1,0.5,-0.5
721,male,17.0,1,0,7.0542,Third,man,True,Southampton,no,False,2,1.5,0.5
722,male,34.0,0,0,13.0,Second,man,True,Southampton,no,True,1,0.5,-0.5
723,male,50.0,0,0,13.0,Second,man,True,Southampton,no,True,1,0.5,-0.5
724,male,27.0,1,0,53.1,First,man,True,Southampton,yes,False,2,1.5,0.5
725,male,20.0,0,0,8.6625,Third,man,True,Southampton,no,True,1,0.5,-0.5
726,female,30.0,3,0,21.0,Second,woman,False,Southampton,yes,False,4,3.5,2.5
727,female,32.0,0,0,7.7375,Third,woman,False,Queenstown,yes,True,1,0.5,-0.5
728,male,25.0,1,0,26.0,Second,man,True,Southampton,no,False,2,1.5,0.5
729,female,25.0,1,0,7.925,Third,woman,False,Southampton,no,False,2,1.5,0.5
730,female,29.0,0,0,211.3375,First,woman,False,Southampton,yes,True,1,0.5,-0.5
731,male,11.0,0,0,18.7875,Third,child,False,Cherbourg,no,True,1,0.5,-0.5
732,male,33.17312348668281,0,0,0.0,Second,man,True,Southampton,no,True,1,0.5,-0.5
733,male,23.0,0,0,13.0,Second,man,True,Southampton,no,True,1,0.5,-0.5
734,male,23.0,0,0,13.0,Second,man,True,Southampton,no,True,1,0.5,-0.5
735,male,28.5,0,0,16.1,Third,man,True,Southampton,no,True,1,0.5,-0.5
736,female,48.0,1,3,34.375,Third,woman,False,Southampton,no,False,2,1.5,0.5
737,male,35.0,0,0,512.3292,First,man,True,Cherbourg,yes,True,1,0.5,-0.5
738,male,33.17312348668281,0,0,7.8958,Third,man,True,Southampton,no,True,1,0.5,-0.5
739,male,33.17312348668281,0,0,7.8958,Third,man,True,Southampton,no,True,1,0.5,-0.5
740,male,33.17312348668281,0,0,30.0,First,man,True,Southampton,yes,True,1,0.5,-0.5
741,male,36.0,1,0,78.85,First,man,True,Southampton,no,False,2,1.5,0.5
742,female,21.0,2,2,262.375,First,woman,False,Cherbourg,yes,False,3,2.5,1.5
743,male,24.0,1,0,16.1,Third,man,True,Southampton,no,False,2,1.5,0.5
744,male,31.0,0,0,7.925,Third,man,True,Southampton,yes,True,1,0.5,-0.5
745,male,70.0,1,1,71.0,First,man,True,Southampton,no,False,2,1.5,0.5
746,male,16.0,1,1,20.25,Third,man,True,Southampton,no,False,2,1.5,0.5
747,female,30.0,0,0,13.0,Second,woman,False,Southampton,yes,True,1,0.5,-0.5
748,male,19.0,1,0,53.1,First,man,True,Southampton,no,False,2,1.5,0.5
749,male,31.0,0,0,7.75,Third,man,True,Queenstown,no,True,1,0.5,-0.5
750,female,4.0,1,1,23.0,Second,child,False,Southampton,yes,False,2,1.5,0.5
751,male,6.0,0,1,12.475,Third,child,False,Southampton,yes,False,1,0.5,-0.5
752,male,33.0,0,0,9.5,Third,man,True,Southampton,no,True,1,0.5,-0.5
753,male,23.0,0,0,7.8958,Third,man,True,Southampton,no,True,1,0.5,-0.5
754,female,48.0,1,2,65.0,Second,woman,False,Southampton,yes,False,2,1.5,0.5
755,male,0.67,1,1,14.5,Second,child,False,Southampton,yes,False,2,1.5,0.5
756,male,28.0,0,0,7.7958,Third,man,True,Southampton,no,True,1,0.5,-0.5
757,male,18.0,0,0,11.5,Second,man,True,Southampton,no,True,1,0.5,-0.5
758,male,34.0,0,0,8.05,Third,man,True,Southampton,no,True,1,0.5,-0.5
759,female,33.0,0,0,86.5,First,woman,False,Southampton,yes,True,1,0.5,-0.5
760,male,33.17312348668281,0,0,14.5,Third,man,True,Southampton,no,True,1,0.5,-0.5
761,male,41.0,0,0,7.125,Third,man,True,Southampton,no,True,1,0.5,-0.5
762,male,20.0,0,0,7.2292,Third,man,True,Cherbourg,yes,True,1,0.5,-0.5
763,female,36.0,1,2,120.0,First,woman,False,Southampton,yes,False,2,1.5,0.5
764,male,16.0,0,0,7.775,Third,man,True,Southampton,no,True,1,0.5,-0.5
765,female,51.0,1,0,77.9583,First,woman,False,Southampton,yes,False,2,1.5,0.5
766,male,33.17312348668281,0,0,39.6,First,man,True,Cherbourg,no,True,1,0.5,-0.5
767,female,30.5,0,0,7.75,Third,woman,False,Queenstown,no,True,1,0.5,-0.5
768,male,33.17312348668281,1,0,24.15,Third,man,True,Queenstown,no,False,2,1.5,0.5
769,male,32.0,0,0,8.3625,Third,man,True,Southampton,no,True,1,0.5,-0.5
770,male,24.0,0,0,9.5,Third,man,True,Southampton,no,True,1,0.5,-0.5
771,male,48.0,0,0,7.8542,Third,man,True,Southampton,no,True,1,0.5,-0.5
772,female,57.0,0,0,10.5,Second,woman,False,Southampton,no,True,1,0.5,-0.5
773,male,33.17312348668281,0,0,7.225,Third,man,True,Cherbourg,no,True,1,0.5,-0.5
774,female,54.0,1,3,23.0,Second,woman,False,Southampton,yes,False,2,1.5,0.5
775,male,18.0,0,0,7.75,Third,man,True,Southampton,no,True,1,0.5,-0.5
776,male,33.17312348668281,0,0,7.75,Third,man,True,Queenstown,no,True,1,0.5,-0.5
777,female,5.0,0,0,12.475,Third,child,False,Southampton,yes,True,1,0.5,-0.5
778,male,33.17312348668281,0,0,7.7375,Third,man,True,Queenstown,no,True,1,0.5,-0.5
779,female,43.0,0,1,211.3375,First,woman,False,Southampton,yes,False,1,0.5,-0.5
780,female,13.0,0,0,7.2292,Third,child,False,Cherbourg,yes,True,1,0.5,-0.5
781,female,17.0,1,0,57.0,First,woman,False,Southampton,yes,False,2,1.5,0.5
782,male,29.0,0,0,30.0,First,man,True,Southampton,no,True,1,0.5,-0.5
783,male,33.17312348668281,1,2,23.45,Third,man,True,Southampton,no,False,2,1.5,0.5
784,male,25.0,0,0,7.05,Third,man,True,Southampton,no,True,1,0.5,-0.5
785,male,25.0,0,0,7.25,Third,man,True,Southampton,no,True,1,0.5,-0.5
786,female,18.0,0,0,7.4958,Third,woman,False,Southampton,yes,True,1,0.5,-0.5
787,male,8.0,4,1,29.125,Third,child,False,Queenstown,no,False,5,4.5,3.5
788,male,1.0,1,2,20.575,Third,child,False,Southampton,yes,False,2,1.5,0.5
789,male,46.0,0,0,79.2,First,man,True,Cherbourg,no,True,1,0.5,-0.5
790,male,33.17312348668281,0,0,7.75,Third,man,True,Queenstown,no,True,1,0.5,-0.5
791,male,16.0,0,0,26.0,Second,man,True,Southampton,no,True,1,0.5,-0.5
792,female,32.0,8,2,69.55,Third,woman,False,Southampton,no,False,9,8.5,7.5
793,male,33.17312348668281,0,0,30.6958,First,man,True,Cherbourg,no,True,1,0.5,-0.5
794,male,25.0,0,0,7.8958,Third,man,True,Southampton,no,True,1,0.5,-0.5
795,male,39.0,0,0,13.0,Second,man,True,Southampton,no,True,1,0.5,-0.5
796,female,49.0,0,0,25.9292,First,woman,False,Southampton,yes,True,1,0.5,-0.5
797,female,31.0,0,0,8.6833,Third,woman,False,Southampton,yes,True,1,0.5,-0.5
798,male,30.0,0,0,7.2292,Third,man,True,Cherbourg,no,True,1,0.5,-0.5
799,female,30.0,1,1,24.15,Third,woman,False,Southampton,no,False,2,1.5,0.5
800,male,34.0,0,0,13.0,Second,man,True,Southampton,no,True,1,0.5,-0.5
801,female,31.0,1,1,26.25,Second,woman,False,Southampton,yes,False,2,1.5,0.5
802,male,11.0,1,2,120.0,First,child,False,Southampton,yes,False,2,1.5,0.5
803,male,0.42,0,1,8.5167,Third,child,False,Cherbourg,yes,False,1,0.5,-0.5
804,male,27.0,0,0,6.975,Third,man,True,Southampton,yes,True,1,0.5,-0.5
805,male,31.0,0,0,7.775,Third,man,True,Southampton,no,True,1,0.5,-0.5
806,male,39.0,0,0,0.0,First,man,True,Southampton,no,True,1,0.5,-0.5
807,female,18.0,0,0,7.775,Third,woman,False,Southampton,no,True,1,0.5,-0.5
808,male,39.0,0,0,13.0,Second,man,True,Southampton,no,True,1,0.5,-0.5
809,female,33.0,1,0,53.1,First,woman,False,Southampton,yes,False,2,1.5,0.5
810,male,26.0,0,0,7.8875,Third,man,True,Southampton,no,True,1,0.5,-0.5
811,male,39.0,0,0,24.15,Third,man,True,Southampton,no,True,1,0.5,-0.5
812,male,35.0,0,0,10.5,Second,man,True,Southampton,no,True,1,0.5,-0.5
813,female,6.0,4,2,31.275,Third,child,False,Southampton,no,False,5,4.5,3.5
814,male,30.5,0,0,8.05,Third,man,True,Southampton,no,True,1,0.5,-0.5
815,male,33.17312348668281,0,0,0.0,First,man,True,Southampton,no,True,1,0.5,-0.5
816,female,23.0,0,0,7.925,Third,woman,False,Southampton,no,True,1,0.5,-0.5
817,male,31.0,1,1,37.0042,Second,man,True,Cherbourg,no,False,2,1.5,0.5
818,male,43.0,0,0,6.45,Third,man,True,Southampton,no,True,1,0.5,-0.5
819,male,10.0,3,2,27.9,Third,child,False,Southampton,no,False,4,3.5,2.5
820,female,52.0,1,1,93.5,First,woman,False,Southampton,yes,False,2,1.5,0.5
821,male,27.0,0,0,8.6625,Third,man,True,Southampton,yes,True,1,0.5,-0.5
822,male,38.0,0,0,0.0,First,man,True,Southampton,no,True,1,0.5,-0.5
823,female,27.0,0,1,12.475,Third,woman,False,Southampton,yes,False,1,0.5,-0.5
824,male,2.0,4,1,39.6875,Third,child,False,Southampton,no,False,5,4.5,3.5
825,male,33.17312348668281,0,0,6.95,Third,man,True,Queenstown,no,True,1,0.5,-0.5
826,male,33.17312348668281,0,0,56.4958,Third,man,True,Southampton,no,True,1,0.5,-0.5
827,male,1.0,0,2,37.0042,Second,child,False,Cherbourg,yes,False,1,0.5,-0.5
828,male,33.17312348668281,0,0,7.75,Third,man,True,Queenstown,yes,True,1,0.5,-0.5
829,female,62.0,0,0,80.0,First,woman,False,Southampton,yes,True,1,0.5,-0.5
830,female,15.0,1,0,14.4542,Third,child,False,Cherbourg,yes,False,2,1.5,0.5
831,male,0.83,1,1,18.75,Second,child,False,Southampton,yes,False,2,1.5,0.5
832,male,33.17312348668281,0,0,7.2292,Third,man,True,Cherbourg,no,True,1,0.5,-0.5
833,male,23.0,0,0,7.8542,Third,man,True,Southampton,no,True,1,0.5,-0.5
834,male,18.0,0,0,8.3,Third,man,True,Southampton,no,True,1,0.5,-0.5
835,female,39.0,1,1,83.1583,First,woman,False,Cherbourg,yes,False,2,1.5,0.5
836,male,21.0,0,0,8.6625,Third,man,True,Southampton,no,True,1,0.5,-0.5
837,male,33.17312348668281,0,0,8.05,Third,man,True,Southampton,no,True,1,0.5,-0.5
838,male,32.0,0,0,56.4958,Third,man,True,Southampton,yes,True,1,0.5,-0.5
839,male,33.17312348668281,0,0,29.7,First,man,True,Cherbourg,yes,True,1,0.5,-0.5
840,male,20.0,0,0,7.925,Third,man,True,Southampton,no,True,1,0.5,-0.5
841,male,16.0,0,0,10.5,Second,man,True,Southampton,no,True,1,0.5,-0.5
842,female,30.0,0,0,31.0,First,woman,False,Cherbourg,yes,True,1,0.5,-0.5
843,male,34.5,0,0,6.4375,Third,man,True,Cherbourg,no,True,1,0.5,-0.5
844,male,17.0,0,0,8.6625,Third,man,True,Southampton,no,True,1,0.5,-0.5
845,male,42.0,0,0,7.55,Third,man,True,Southampton,no,True,1,0.5,-0.5
846,male,33.17312348668281,8,2,69.55,Third,man,True,Southampton,no,False,9,8.5,7.5
847,male,35.0,0,0,7.8958,Third,man,True,Cherbourg,no,True,1,0.5,-0.5
848,male,28.0,0,1,33.0,Second,man,True,Southampton,no,False,1,0.5,-0.5
849,female,32.0,1,0,89.1042,First,woman,False,Cherbourg,yes,False,2,1.5,0.5
850,male,4.0,4,2,31.275,Third,child,False,Southampton,no,False,5,4.5,3.5
851,male,74.0,0,0,7.775,Third,man,True,Southampton,no,True,1,0.5,-0.5
852,female,9.0,1,1,15.2458,Third,child,False,Cherbourg,no,False,2,1.5,0.5
853,female,16.0,0,1,39.4,First,woman,False,Southampton,yes,False,1,0.5,-0.5
854,female,44.0,1,0,26.0,Second,woman,False,Southampton,no,False,2,1.5,0.5
855,female,18.0,0,1,9.35,Third,woman,False,Southampton,yes,False,1,0.5,-0.5
856,female,45.0,1,1,164.8667,First,woman,False,Southampton,yes,False,2,1.5,0.5
857,male,51.0,0,0,26.55,First,man,True,Southampton,yes,True,1,0.5,-0.5
858,female,24.0,0,3,19.2583,Third,woman,False,Cherbourg,yes,False,1,0.5,-0.5
859,male,33.17312348668281,0,0,7.2292,Third,man,True,Cherbourg,no,True,1,0.5,-0.5
860,male,41.0,2,0,14.1083,Third,man,True,Southampton,no,False,3,2.5,1.5
861,male,21.0,1,0,11.5,Second,man,True,Southampton,no,False,2,1.5,0.5
862,female,48.0,0,0,25.9292,First,woman,False,Southampton,yes,True,1,0.5,-0.5
863,female,32.0,8,2,69.55,Third,woman,False,Southampton,no,False,9,8.5,7.5
864,male,24.0,0,0,13.0,Second,man,True,Southampton,no,True,1,0.5,-0.5
865,female,42.0,0,0,13.0,Second,woman,False,Southampton,yes,True,1,0.5,-0.5
866,female,27.0,1,0,13.8583,Second,woman,False,Cherbourg,yes,False,2,1.5,0.5
867,male,31.0,0,0,50.4958,First,man,True,Southampton,no,True,1,0.5,-0.5
868,male,33.17312348668281,0,0,9.5,Third,man,True,Southampton,no,True,1,0.5,-0.5
869,male,4.0,1,1,11.1333,Third,child,False,Southampton,yes,False,2,1.5,0.5
870,male,26.0,0,0,7.8958,Third,man,True,Southampton,no,True,1,0.5,-0.5
871,female,47.0,1,1,52.5542,First,woman,False,Southampton,yes,False,2,1.5,0.5
872,male,33.0,0,0,5.0,First,man,True,Southampton,no,True,1,0.5,-0.5
873,male,47.0,0,0,9.0,Third,man,True,Southampton,no,True,1,0.5,-0.5
874,female,28.0,1,0,24.0,Second,woman,False,Cherbourg,yes,False,2,1.5,0.5
875,female,15.0,0,0,7.225,Third,child,False,Cherbourg,yes,True,1,0.5,-0.5
876,male,20.0,0,0,9.8458,Third,man,True,Southampton,no,True,1,0.5,-0.5
877,male,19.0,0,0,7.8958,Third,man,True,Southampton,no,True,1,0.5,-0.5
878,male,33.17312348668281,0,0,7.8958,Third,man,True,Southampton,no,True,1,0.5,-0.5
879,female,56.0,0,1,83.1583,First,woman,False,Cherbourg,yes,False,1,0.5,-0.5
880,female,25.0,0,1,26.0,Second,woman,False,Southampton,yes,False,1,0.5,-0.5
881,male,33.0,0,0,7.8958,Third,man,True,Southampton,no,True,1,0.5,-0.5
882,female,22.0,0,0,10.5167,Third,woman,False,Southampton,no,True,1,0.5,-0.5
883,male,28.0,0,0,10.5,Second,man,True,Southampton,no,True,1,0.5,-0.5
884,male,25.0,0,0,7.05,Third,man,True,Southampton,no,True,1,0.5,-0.5
885,female,39.0,0,5,29.125,Third,woman,False,Queenstown,no,False,1,0.5,-0.5
886,male,27.0,0,0,13.0,Second,man,True,Southampton,no,True,1,0.5,-0.5
887,female,19.0,0,0,30.0,First,woman,False,Southampton,yes,True,1,0.5,-0.5
888,female,32.0,1,2,23.45,Third,woman,False,Southampton,no,False,2,1.5,0.5
889,male,26.0,0,0,30.0,First,man,True,Cherbourg,yes,True,1,0.5,-0.5
890,male,32.0,0,0,7.75,Third,man,True,Queenstown,no,True,1,0.5,-0.5
